Insert Into Pruefer(PersNr, Nachname, Vorname, eMail, Passwort) Values (123456,'Speiser','Sebastian','sebastian.speiser@hft-stuttgart.de','123456');
Insert Into Pruefer(PersNr, Nachname, Vorname, eMail, Passwort) Values (123455,'Höss','Oliver','oliver.hoess@hft-stuttgart.de','456789');
Insert Into Pruefer(PersNr, Nachname, Vorname, eMail, Passwort) Values (123457,'Kramer','Ralf','ralf.kramer@hft-stuttgart.de','passwort');
Insert Into Pruefer(PersNr, Nachname, Vorname, eMail, Passwort) Values (123454,'Lueckemeyer','Gero','gero.lueckemeyer@hft-stuttgart.de','Passwort123');
Insert Into Pruefer(PersNr, Nachname, Vorname, eMail, Passwort) Values (123453,'Dehdari','Payam','payam.dehdari@hft-stuttgart.de','logistik');
Insert Into Pruefer(PersNr, Nachname, Vorname, eMail, Passwort) Values (357593,'Prof','Essor','81halo','test');

Insert Into Student(Matrikelnr, Nachname, Vorname, Semester, Studiengang) Values (121212, 'Hartwig', 'Lorenz', 6, 'WI');
Insert Into Student(Matrikelnr, Nachname, Vorname, Semester, Studiengang) Values (131313, 'Jakobi', 'Jana', 5, 'WI');
Insert Into Student(Matrikelnr, Nachname, Vorname, Semester, Studiengang) Values (141414, 'Alnaser', 'Bachir', 5, 'WI');
Insert Into Student(Matrikelnr, Nachname, Vorname, Semester, Studiengang) Values (151515, 'Kallenberger', 'Ruth', 5, 'WI');
Insert Into Student(Matrikelnr, Nachname, Vorname, Semester, Studiengang) Values (161616, 'Shkurti', 'Gjergji', 6, 'WI');
Insert Into Student(Matrikelnr, Nachname, Vorname, Semester, Studiengang) Values (171717, 'Durmus', 'Esma', 6, 'WI');

Insert Into Frage (Fragestellung, Musterloesung, Niveau, Punkte, gestellt, Themengebiet, Fragekatalog, Modul, grundLageNiveau, gut, sehrGut) Values ('Was ist 1+1?', 'Die Lösung ist 2.', 1, 1.5, 0, 'Mathematik Grundlagen','Mathe1 WS2018', 'Mathe1', 'Level 1', 'Level 2', 'Level 3');
Insert Into Frage (Fragestellung, Musterloesung, Niveau, Punkte, gestellt, Themengebiet, Fragekatalog, Modul, grundLageNiveau, gut, sehrGut) Values ('Für was steht QM?', 'QM steht für Qualitäsmanagement.', 2, 3.0, 0, 'QM Grundlagen','QM SS2019', 'QM', 'Level 1', 'Level 2', 'Level 3');
Insert Into Frage (Fragestellung, Musterloesung, Niveau, Punkte, gestellt, Themengebiet, Fragekatalog, Modul, grundLageNiveau, gut, sehrGut) Values ('Wie groß ist eine Europalette?', 'Eine Europalette ist 80x120cm groß.', 3, 2.5, 0, 'Beschaffungsmanagement', 'Logistik WS2016', 'Logistik', 'Level 1', 'Level 2', 'Level 3');
Insert Into Frage (Fragestellung, Musterloesung, Niveau, Punkte, gestellt, Themengebiet, Fragekatalog, Modul, grundLageNiveau, gut, sehrGut) Values ('Wofür steht FIFO?', 'First In First Out.', 1, 1.5, 1, 'Beschaffungsmanagement', 'Logistik WS2016', 'Logistik', 'Level 1', 'Level 2', 'Level 3');
Insert Into Frage (Fragestellung, Musterloesung, Niveau, Punkte, gestellt, Themengebiet, Fragekatalog, Modul, grundLageNiveau, gut, sehrGut) Values ('Was ist BPMN?', 'Die Business Process Model and Notation ist eine grafische Spezifikationssprache in der Wirtschaftsinformatik und im Prozessmanagement. Sie stellt Symbole zur Verfügung, mit denen Fach-, Methoden- und Informatikspezialisten Geschäftsprozesse und Arbeitsabläufe modellieren und dokumentieren können.', 1, 1.5, 1, 'BPMN', 'GPM WS2020', 'GPM', 'Business Process Model and Notation', 'grafische Spezifikationssprache', 'zur Modellierung und Dokumentation');
Insert Into Frage (Fragestellung, Musterloesung, Niveau, Punkte, gestellt, Themengebiet, Fragekatalog, Modul, grundLageNiveau, gut, sehrGut) Values ('Wofür steht OOP?', 'OOP steht für objektorientierte Programmierung.', 1, 1.5, 1, 'Objektorientierung', 'Programmieren 1 WS 2018/19', 'Programmieren 1', 'Level 1', 'Level 2', 'Level 3');
Insert Into Frage (Fragestellung, Musterloesung, Niveau, Punkte, gestellt, Themengebiet, Fragekatalog, Modul, grundLageNiveau, gut, sehrGut) Values ('Was versteht man unter Geschäftsprozessen?', 'Ein Geschäftsprozess ist eine Menge von Aktivitäten, für die ein oder mehrere unterschiedliche Inputs benötigt werden und die für den Kunden ein Ergebnis von Wert erzeugen. Sie werden durch einen Prozessverantwortlichen gesteuert.', 1, 2, 1, 'Workflows', 'GPM WS2020', 'GPM', 'Level 1', 'Level 2', 'Level 3');
Insert Into Frage (Fragestellung, Musterloesung, Niveau, Punkte, gestellt, Themengebiet, Fragekatalog, Modul, grundLageNiveau, gut, sehrGut) Values ('Was ist Service-Management?', 'Service-Management ist die Gesamtheit der spezialisierten organisatorischen Fähigkeiten, die zur Generierung eines Mehrwertes für den Kunden in Form von Servcies zur Verfügung stehen.', 2, 4, 1, 'ITIL', 'IT-Infrastrukturmanagement WS2020', 'IT-Infrastrukturmanagement', 'Level 1', 'Level 2', 'Level 3');
Insert Into Frage (Fragestellung, Musterloesung, Niveau, Punkte, gestellt, Themengebiet, Fragekatalog, Modul, grundLageNiveau, gut, sehrGut) Values ('Was versteht man unter IT-Benchmarking?', 'Unter IT-Benchmarking wird eine Management-Methode verstanden, in welcher die Leistungsfähigkeit von IT-Dienstleistungen eines Unternehmens mit denen anderer Unternehmen verglichen wird.', 2, 5, 1, 'IT-Controlling', 'IT-Infrastrukturmanagement WS2020', 'IT-Infrastrukturmanagement', 'Management-Methode', 'Messgrößen müssen gut definiert sein', 'kann innerhalb einer Bracnhe oder branchenübergreifend stattfinden');
Insert Into Frage (Fragestellung, Musterloesung, Niveau, Punkte, gestellt, Themengebiet, Fragekatalog, Modul, grundLageNiveau, gut, sehrGut) Values ('Nennen Sie typische Maßnahmen zur IT-Kostenreduktion', 'tenchnische Verbesserung(Einsatz von Thin Clients), Standardisierung von IT-Komponenten(Laptop Modelle) und organisatorische Verbesserungen(Geschäftsprozessoptimierung).', 3, 8, 1, 'IT-Controlling', 'IT-Infrastrukturmanagement WS2020', 'IT-Infrastrukturmanagement', 'Überbegriffe', 'einzelne Beispiele', 'Beispiele zu allen Überbegriffen');
Insert Into Frage (Fragestellung, Musterloesung, Niveau, Punkte, gestellt, Themengebiet, Fragekatalog, Modul, grundLageNiveau, gut, sehrGut) Values ('Nennen Sie 3 Sortierverfahren', 'Selectionsort, Mergesort, Radixsort', 1, 2, 1, 'Sortierverfahren', 'Datenstrukturen und Algorithmen WS2020', 'Datenstrukturen und Algorithmen', 'Level 1', 'Level 2', 'Level 3');
Insert Into Frage (Fragestellung, Musterloesung, Niveau, Punkte, gestellt, Themengebiet, Fragekatalog, Modul, grundLageNiveau, gut, sehrGut) Values ('Was versteht man unter Workflow-Management?', 'Workflow-Management ist ein operatives Konzeot zur Umsetzung der von der strategischen Unternehmensplanung vorgegebenen übergeordnetetn Geschäftsprozessziele. Es stellt Methoden und Werkezuge zur computergestützten Ananlyse, Panung, Simulation, Steuerung und Überwachung von Arbeitsabläufen bereit.', 3, 7, 0, 'Workflows', 'GPM WS2020', 'GPM', 'operatives Konzept', 'stellt Methoden und Werkzeuge bereit', 'zur Umsetzung von Geschäftsprozesszielen');
Insert Into Frage (Fragestellung, Musterloesung, Niveau, Punkte, gestellt, Themengebiet, Fragekatalog, Modul, grundLageNiveau, gut, sehrGut) Values ('Was bedeutet SOA?', 'Service Orientierte Architektur', 1, 1.5, 0, 'SOA', 'GPM WS2020', 'GPM', 'Service Orientierte Architektur ', '-', '-');
Insert Into Frage (Fragestellung, Musterloesung, Niveau, Punkte, gestellt, Themengebiet, Fragekatalog, Modul, grundLageNiveau, gut, sehrGut) Values ('welche Servicearten gibt es?', 'Elementar (stellen einfache Basisfunktionalität bereit), Zusammengesetzt/Aggregiert(werden durch Aufrufe elementarer oder anderer zusammengesetzter Operationen implementiert), Orchestriert(einfache Implementierung von Geschäftsprozessen auf der Basis von Operationen)', 2, 5, 0, 'SOA', 'GPM WS2020', 'GPM', 'Überbegriffe', 'mind. 2 Erklärungen', 'Alle Erklärungen');
Insert Into Frage (Fragestellung, Musterloesung, Niveau, Punkte, gestellt, Themengebiet, Fragekatalog, Modul, grundLageNiveau, gut, sehrGut) Values ('Welche Dimensionen definiert ITIL 4?', 'Organisation und Menschen, Information und Technologie, Partner und Supplier, Value Streams und Prozesse', 2, 5, 0, 'ITIL', 'IT-Infrastrukturmanagement WS2020', 'IT-Infrastrukturmanagement', '4 Dimensionen', '-', '-');
Insert Into Frage (Fragestellung, Musterloesung, Niveau, Punkte, gestellt, Themengebiet, Fragekatalog, Modul, grundLageNiveau, gut, sehrGut) Values ('Nennen Sie Grundprinzipien von ITIL 4', 'Der Wertbeitrag steht im Vordergrund, Beginne ausgehend vom aktuellen Status, Gehe iterativ vor mit Feedback, Kollaboriere und fördere Visibilität, Denke und arbeite ganzheitlich, Mache es einfach und praktisch, Optimiere und automatisiere, ', 2, 7, 0, 'ITIL', 'IT-Infrastrukturmanagement WS2020', 'IT-Infrastrukturmanagement', '4 Grundprinzipien', '5-6 Grundprinzipien', '7 Grundprinzipien');
Insert Into Frage (Fragestellung, Musterloesung, Niveau, Punkte, gestellt, Themengebiet, Fragekatalog, Modul, grundLageNiveau, gut, sehrGut) Values ('Welche Arten von Software gibt es', 'Unternehmenssoftware, Embedded Software, Spiele, Webanwendungen, Betriebssysteme', 1, 3, 0, 'Grundlagen', 'USW 2 SS2020', 'USW 2', '3 Arten', '4 Arten', '5 Arten');
Insert Into Frage (Fragestellung, Musterloesung, Niveau, Punkte, gestellt, Themengebiet, Fragekatalog, Modul, grundLageNiveau, gut, sehrGut) Values ('Definieren Sie Unternehmenssoftware', 'jegliche SOftware, die in einem Unternehmen eingesetzt ist; Software innerhalb eines Unternehmens zur Unterstützung von Geschäftsprozessen', 1, 2, 0, 'Grundlagen', 'USW 2 SS2020', 'USW 2', 'Software', 'jegliche SOftware im Unternehmen', 'zur Unterstützung von Geschäftsprozessen');
Insert Into Frage (Fragestellung, Musterloesung, Niveau, Punkte, gestellt, Themengebiet, Fragekatalog, Modul, grundLageNiveau, gut, sehrGut) Values ('Definieren Sie IT-Architektur-Management', 'systematische Entwicklung der IT-Architektur zur optimalen Abbildung der geschäftlichen Anforderungen', 2, 4, 0, 'Geschäftsmodelle', 'USW 2 SS2020', 'USW 2', 'systematische Entwicklung', 'Abbildung Anfoderungen', 'von IST zu SOLL');
Insert Into Frage (Fragestellung, Musterloesung, Niveau, Punkte, gestellt, Themengebiet, Fragekatalog, Modul, grundLageNiveau, gut, sehrGut) Values ('Was ist eine Prozesslandkarte?', 'Sie gibt einen Überblick über Prozesse, Einstiegspunkt in die detaillierte Analyse, Ziel: IDentifikation der für den Einsatz von USW wesentlichen Prozesse', 2, 6, 0, 'Geschäftsmodelle', 'USW 2 SS2020', 'USW 2', 'Überbick', 'Einstiegspunkt detaillierte Analyse', 'Ziel');
Insert Into Frage (Fragestellung, Musterloesung, Niveau, Punkte, gestellt, Themengebiet, Fragekatalog, Modul, grundLageNiveau, gut, sehrGut) Values ('Was ist ein IT-Bebauungsplan?', 'zeigt die Abdeckung von Prozessen durch IT-Systeme, Kann in IST und SOLL eingegliedert werden, EAM unterstützt die Entwicklung eines solchen Bebauungsplans', 2, 5, 0, 'Geschäftsmodelle', 'USW 2 SS2020', 'USW 2', 'Abdeckung von Prozessen', 'kann ind IST und SOLL eingegliedert sein', 'unterstützt durch EAM');
Insert Into Frage (Fragestellung, Musterloesung, Niveau, Punkte, gestellt, Themengebiet, Fragekatalog, Modul, grundLageNiveau, gut, sehrGut) Values ('Was bedeutet AIDA?', 'Attention, Interest, Desire, Action', 1, 2, 0, 'Geschäftsmodelle', 'USW 2 SS2020', 'USW 2', '2 Punkte', '3 Punkte', '4 Punkte');
Insert Into Frage (Fragestellung, Musterloesung, Niveau, Punkte, gestellt, Themengebiet, Fragekatalog, Modul, grundLageNiveau, gut, sehrGut) Values ('Was umfasst CRM?', 'organisatorische und technische Maßnahmen, Geschäftsprozesse koordinieren, Im B2C Bereich', 1, 3, 0, 'CRM', 'USW 2 SS2020', 'USW 2', 'Maßnahmen', 'Geschäftsprozesse koordinieren', 'B2C');
Insert Into Frage (Fragestellung, Musterloesung, Niveau, Punkte, gestellt, Themengebiet, Fragekatalog, Modul, grundLageNiveau, gut, sehrGut) Values ('Was sind Gründe für CRM?', 'Kundenwissen verteilt, Reibungs- und Informationsverluste bei interner Kommunikation, Zettelwirtschaft', 1, 3, 0, 'CRM', 'USW 2 SS2020', 'USW 2', 'Kundenwissen', 'Reibungs- und Informationsverluste', 'Zettelwirtschaft');
Insert Into Frage (Fragestellung, Musterloesung, Niveau, Punkte, gestellt, Themengebiet, Fragekatalog, Modul, grundLageNiveau, gut, sehrGut) Values ('Nennen Sie Aufgaben des CRM', 'Neukundengewinnung --> systematisch und gezielt, Wissen über potentielle Kunden; bestehende Kunden --> Steigerung Kundenbindung, Verbesserung Kundenprofitabilität', 2, 5, 0, 'CRM', 'USW 2 SS2020', 'USW 2', 'Wissen über potentielle Kunden', 'Steigerung Kundenbindung', 'Verbesserte Kundenprofitabilität');
Insert Into Frage (Fragestellung, Musterloesung, Niveau, Punkte, gestellt, Themengebiet, Fragekatalog, Modul, grundLageNiveau, gut, sehrGut) Values ('Was sind CRM-Systeme?', 'Anwendungssysteme, die sämtliche Interaktionen der Unternehmung mit Kunden verfolgen und analysieren, um Umsatz, Rentabilität, Kundenzufriedenheit und Kundenbindung zu optimieren', 2, 4, 0, 'CRM', 'USW 2 SS2020', 'USW 2', 'Anwendungssysteme', 'Interaktionen mit Kunden verfolgen und analysieren', 'Kundenzufriedenheit und -bindung optimieren');
Insert Into Frage (Fragestellung, Musterloesung, Niveau, Punkte, gestellt, Themengebiet, Fragekatalog, Modul, grundLageNiveau, gut, sehrGut) Values ('Nennen Sie Bausteine einer CRM Lösung', 'Kommunikatives CRM(Multi-Channel-Management), operatives CRM(direkt mit dem Kunden), Analytisches CRM(Analyse Kundendaten)', 1, 2, 0, 'CRM', 'USW 2 SS2020', 'USW 2', 'Kommunkatives', 'operatives', 'analytisches');
Insert Into Frage (Fragestellung, Musterloesung, Niveau, Punkte, gestellt, Themengebiet, Fragekatalog, Modul, grundLageNiveau, gut, sehrGut) Values ('Make or buy or Use?', 'Abwägung von Software, Make:selbstprogrammieren, Buy:kaufen einer vorhandenen Lösung, use: Benutzen einer Cloud Lösung', 1, 4, 0, 'Auswahl und Integration von USW', 'USW 2 SS2020', 'USW 2', 'Abwägung von Software', 'Make, Buy, Use Erklärung', 'Standard-SW erste Option');
Insert Into Frage (Fragestellung, Musterloesung, Niveau, Punkte, gestellt, Themengebiet, Fragekatalog, Modul, grundLageNiveau, gut, sehrGut) Values ('Nennen Sie Vorteile von Standard-SW', 'können angepasst werden, kurze Einführungsdauer, erweiterbare Schnittstellen', 1, 3, 0, 'Auswahl und Integration von USW', 'USW 2 SS2020', 'USW 2', '1 Vorteil', '2 Vorteile', '3 Vorteile');
Insert Into Frage (Fragestellung, Musterloesung, Niveau, Punkte, gestellt, Themengebiet, Fragekatalog, Modul, grundLageNiveau, gut, sehrGut) Values ('Definieren Sie ERP', 'Integrierte unternehmensweite Anwendungssysteme, die zur Koordination wichtiger internen Prozesse eines Unternehmens dienen, -	Ausgangssituation: Viele, spezifische Anwendungssysteme, die auf eigenen Datenbeständen arbeiten (kein Datenaustausch', 2, 5, 0, 'ERP-Systeme', 'USW 2 SS2020', 'USW 2', '-	Integrierte unternehmensweite Anwendungssysteme', 'zur Koordination wichtiger internen Prozesse eines Unternehmens ', '-	Ausgangssituation: Viele, spezifische Anwendungssysteme, die auf eigenen Datenbeständen arbeiten (kein Datenaustausch)');
Insert Into Frage (Fragestellung, Musterloesung, Niveau, Punkte, gestellt, Themengebiet, Fragekatalog, Modul, grundLageNiveau, gut, sehrGut) Values ('Was ist die Aufgabe eines ERP-Systems?', 'Verbinden der einzelnen Systeme zu einem zentralen System für alle Anwendungsfälle. Auch die Daten sind so zentral zusammengefasst', 1, 2, 0, 'ERP-Systeme', 'USW 2 SS2020', 'USW 2', 'Verbinden der einzelnen Systeme', 'zu einem zentralen System', 'Dateien sind zentral zusammengefasst');
Insert Into Frage (Fragestellung, Musterloesung, Niveau, Punkte, gestellt, Themengebiet, Fragekatalog, Modul, grundLageNiveau, gut, sehrGut) Values ('Definieren Sie BPM', 'systematische Analyse, Modellierung, Umsetzung und Optimierung von fachlichen Prozessen mit geeigneten Methoden und Werkzeugen; Durch BPM können Prozesse optimiert werden und dadurch eine Steigerung der Effizienz und Transparenz erreicht werden!', 2, 4, 0, 'BPM', 'USW 2 SS2020', 'USW 2', 'Systematische Analyse, Modellierung, Umsetzung und Optimierung', 'fachliche Prozesse mit geeigneten Methoden und Werkzeugen', 'Prozessoptimierung, Steigerung der Effizienz und Transparenz');
Insert Into Frage (Fragestellung, Musterloesung, Niveau, Punkte, gestellt, Themengebiet, Fragekatalog, Modul, grundLageNiveau, gut, sehrGut) Values ('Nennen Sie Ziele von BPM', 'Erhöhung der Transparenz, Einsparung von Kosten, Harmonisierung der Prozesslandschaft', 1, 2, 0, 'BPM', 'USW 2 SS2020', 'USW 2', '1 Ziel', '2 Ziele', '3 Ziele');


Insert Into Pruefung(idPruefung,Bezeichnung,Note, Punkte_gesamt, Matrikelnr,PersNr) Values (1423, 'GPM WS2020', 1.0, 60.0, 121212, 123455);
Insert Into Pruefung(idPruefung,Bezeichnung,Note, punkte_gesamt, Matrikelnr,PersNr) Values (3425, 'GPM WS2020', 1.0, 52.5, 131313, 123455);
Insert Into Pruefung(idPruefung,Bezeichnung,Note, punkte_gesamt, Matrikelnr,PersNr) Values (3426, 'GPM WS2020', 1.7, 52.5, 161616, 123455);
Insert Into Pruefung(idPruefung,Bezeichnung,Note, punkte_gesamt, Matrikelnr,PersNr) Values (3427, 'GPM WS2020', 1.7, 52.5, 151515, 123455);
Insert Into Pruefung(idPruefung,Bezeichnung,Note, punkte_gesamt, Matrikelnr,PersNr) Values (3428, 'GPM WS2020', 2.3, 52.5, 161616, 123455);
Insert Into Pruefung(idPruefung,Bezeichnung,Note, punkte_gesamt, Matrikelnr,PersNr) Values (3429, 'GPM WS2020', 2.7, 52.5, 151515, 123455);
Insert Into Pruefung(idPruefung,Bezeichnung,Note, punkte_gesamt, Matrikelnr,PersNr) Values (3430, 'GPM WS2020', 3.0, 52.5, 161616, 123455);
Insert Into Pruefung(idPruefung,Bezeichnung,Note, punkte_gesamt, Matrikelnr,PersNr) Values (3431, 'GPM WS2020', 3.0, 52.5, 141414, 123455);
Insert Into Pruefung(idPruefung,Bezeichnung,Note, punkte_gesamt, Matrikelnr,PersNr) Values (3432, 'GPM WS2020', 3.0, 52.5, 161616, 123455);
Insert Into Pruefung(idPruefung,Bezeichnung,Note, punkte_gesamt, Matrikelnr,PersNr) Values (3433, 'GPM WS2020', 4.0, 52.5, 171717, 123455);

Insert Into Pruefung(idPruefung,Bezeichnung,Note, Punkte_gesamt, Matrikelnr,PersNr) Values (3434, 'Logistik WS2016', 1.3, 60.0, 121212, 123454);
Insert Into Pruefung(idPruefung,Bezeichnung,Note, punkte_gesamt, Matrikelnr,PersNr) Values (3435, 'Logistik WS2016', 1.7, 52.5, 131313, 123453);
Insert Into Pruefung(idPruefung,Bezeichnung,Note, punkte_gesamt, Matrikelnr,PersNr) Values (3436, 'Logistik WS2016', 1.7, 52.5, 161616, 123453);
Insert Into Pruefung(idPruefung,Bezeichnung,Note, punkte_gesamt, Matrikelnr,PersNr) Values (3437, 'Logistik WS2016', 2.3, 52.5, 151515, 123453);
Insert Into Pruefung(idPruefung,Bezeichnung,Note, punkte_gesamt, Matrikelnr,PersNr) Values (3438, 'Logistik WS2016', 2.7, 52.5, 161616, 123453);
Insert Into Pruefung(idPruefung,Bezeichnung,Note, punkte_gesamt, Matrikelnr,PersNr) Values (3439, 'Logistik WS2016', 2.7, 52.5, 151515, 123453);
Insert Into Pruefung(idPruefung,Bezeichnung,Note, punkte_gesamt, Matrikelnr,PersNr) Values (3440, 'Logistik WS2016', 3.0, 52.5, 161616, 123453);
Insert Into Pruefung(idPruefung,Bezeichnung,Note, punkte_gesamt, Matrikelnr,PersNr) Values (3441, 'Logistik WS2016', 3.0, 52.5, 141414, 123453);
Insert Into Pruefung(idPruefung,Bezeichnung,Note, punkte_gesamt, Matrikelnr,PersNr) Values (3442, 'Logistik WS2016', 3.0, 52.5, 161616, 123453);
Insert Into Pruefung(idPruefung,Bezeichnung,Note, punkte_gesamt, Matrikelnr,PersNr) Values (3443, 'Logistik WS2016', 4.0, 52.5, 171717, 123453);
